title,0
클라우스,0
그린 북,1
가버나움,2
베일리 어게인,3
원더,4
밥정,5
범죄도시2,6
아일라,7
디지몬 어드벤처 라스트 에볼루션 : 인연,8
극장판 바이올렛 에버가든,9
먼 훗날 우리,10
당갈,11
장민호 드라마 최종회,12
포드 V 페라리,13
주전장,14
쇼생크 탈출,15
"그대, 고맙소 : 김호중 생애 첫 팬미팅 무비",16
터미네이터 2:오리지널,17
덕구,18
클래식,19
라이언 일병 구하기,20
나 홀로 집에,21
월-E,22
사운드 오브 뮤직,23
빽 투 더 퓨쳐,24
보헤미안 랩소디,25
글래디에이터,26
포레스트 검프,27
타이타닉,28
위대한 쇼맨,29
가나의 혼인잔치: 언약,30
인생은 아름다워,31
살인의 추억,32
헬프,33
매트릭스,34
센과 치히로의 행방불명,35
토이 스토리 3,36
씽2게더,37
캐스트 어웨이,38
히든 피겨스,39
쉰들러 리스트,40
태극권,41
집으로...,42
잭 스나이더의 저스티스 리그,43
반지의 제왕: 왕의 귀환,44
헌터 킬러,45
어벤져스: 엔드게임,46
죽은 시인의 사회,47
레옹,48
알라딘,49
클레멘타인,50
아이 캔 스피크,51
안녕 베일리,52
동주,53
여인의 향기,54
서유기 2 - 선리기연,55
미스 슬로운,56
해리 포터와 마법사의 돌,57
다시 태어나도 우리,58
굿바이 마이 프랜드,59
굿 윌 헌팅,60
주토피아,61
트루먼 쇼,62
세 얼간이,63
반지의 제왕: 두 개의 탑,64
지상의 별처럼,65
모노노케 히메,66
아기공룡 둘리 - 얼음별 대모험,67
"지금, 만나러 갑니다",68
나 홀로 집에 2 - 뉴욕을 헤매다,69
에이리언 2,70
미세스 다웃파이어,71
더 록,72
로망,73
울지마 톤즈,74
다크 나이트,75
오세암,76
자산어보,77
아마데우스,78
알라딘,79
빌리 엘리어트,80
아이즈 온 미 : 더 무비,81
프리 윌리,82
두 교황,83
그대를 사랑합니다,84
아이 엠 샘,85
언터처블: 1%의 우정,86
피아니스트,87
천공의 성 라퓨타,88
언더독,89
달링,90
업,91
아이언 자이언트,92
라푼젤,93
시네마 천국,94
프리퀀시,95
드래곤 길들이기,96
해리 포터와 죽음의 성물 - 2부,97
소원,98
코코,99
쥬라기 공원,100
토이 스토리,101
모던 타임즈,102
주먹왕 랄프,103
블라인드 사이드,104
뷰티풀 투모로우,105
늑대와 춤을,106
패왕별희 디 오리지널,107
우리들의 일그러진 영웅,108
에이 아이,109
코러스,110
러브 유어셀프 인 서울,111
폴리스 스토리,112
폴란드로 간 아이들,113
다이 하드,114
라따뚜이,115
소울,116
바람계곡의 나우시카,117
바이센테니얼 맨,118
반지의 제왕: 반지 원정대,119
8월의 크리스마스,120
번 더 스테이지: 더 무비,121
교회오빠,122
몬스터 주식회사 3D,123
엽기적인 그녀,124
오페라의 유령 : 25주년 특별 공연,125
타잔,126
일급 살인,127
메리 포핀스,128
보디가드,129
플립,130
브레이크 더 사일런스: 더 무비,131
동방불패,132
천녀유혼,133
시월애,134
뽀로로 극장판 보물섬 대모험,135
내 이름은 칸,136
라이온 킹,137
영웅: 샐러멘더의 비밀,138
허스토리,139
록키,140
"나, 다니엘 블레이크",141
인생,142
명탐정 코난: 베이커가의 망령,143
취권 2,144
자백,145
우리들,146
천국의 아이들,147
공동경비구역 JSA,148
극장판 짱구는 못말려: 격돌! 낙서왕국과 얼추 네 명의 용사들,149
소년시절의 너,150
빌리 엘리어트 뮤지컬 라이브,151
더 코브: 슬픈 돌고래의 진실,152
맨발의 꿈,153
바람,154
말할 수 없는 비밀,155
극장판 귀멸의 칼날: 무한열차편,156
가타카,157
세상에서 가장 아름다운 이별,158
랜드 오브 마인,159
언플랜드,160
마이클 잭슨의 디스 이즈 잇,161
퀸 락 몬트리올,162
에이트 빌로우,163
이웃집 토토로,164
패밀리 맨,165
도가니,166
부활: 그 증거,167
브레이브하트,168
로마의 휴일,169
석양의 무법자,170
온리 더 브레이브,171
터미네이터,172
드래곤 길들이기 3,173
극장판 주술회전 0,174
본 얼티메이텀,175
또 하나의 약속,176
브링 더 소울 : 더 무비,177
가위손,178
시스터 액트,179
하이 스쿨 뮤지컬: 졸업반,180
토이 스토리 2,181
로보캅,182
동급생,183
기적,184
신데렐라 맨,185
해바라기,186
피아니스트의 전설,187
투게더,188
땐뽀걸즈,189
바람과 함께 사라지다,190
뷰티풀 마인드,191
"광해, 왕이 된 남자",192
그랜 토리노,193
아저씨,194
쿨 러닝,195
친정엄마,196
사랑은 비를 타고,197
인크레더블,198
트루맛쇼,199
집으로 가는 길,200
프린스 앤 프린세스,201
미녀와 야수,202
리멤버 타이탄,203
스피릿,204
"님아, 그 강을 건너지 마오",205
인셉션,206
"미안해요, 리키",207
아름다운 비행,208
타인의 삶,209
라이언,210
극장판 헬로카봇 : 백악기 시대,211
말아톤,212
갓파 쿠와 여름방학을,213
킹콩을 들다,214
마이너리티 리포트,215
맨 오브 오너,216
핵소 고지,217
크림슨 타이드,218
파워 오브 원,219
1987,220
미이라,221
크루즈 패밀리,222
고 녀석 맛나겠다,223
엽문,224
마지막 황제,225
백발마녀전,226
벤허,227
로미오와 줄리엣,228
위대한 독재자,229
빅,230
명탐정 코난: 천공의 난파선,231
똥파리,232
뚜르: 내 생애 최고의 49일,233
페이스 오프,234
인크레더블 2,235
레드슈즈,236
러빙 빈센트,237
이티,238
특전 유보트,239
눈의 여왕4,240
잉여들의 히치하이킹,241
빠삐용,242
콘택트,243
그린 마일,244
12번째 솔저,245
사랑과 영혼,246
캐치 미 이프 유 캔,247
보루토 - 나루토 더 무비,248
니모를 찾아서 3D,249
태극기 휘날리며,250
스파이 지니어스,251
러브 앳,252
슈퍼소닉,253
칼리토,254
오베라는 남자,255
내 사랑,256
나비 효과,257
테이큰,258
바이올렛 에버가든 - 영원과 자동 수기 인형 -,259
대부 2,260
첫 키스만 50번째,261
빽 투 더 퓨쳐 2,262
쥬만지,263
스파이더맨: 뉴 유니버스,264
프레데터,265
천장지구,266
눈길,267
"내 어깨 위 고양이, 밥",268
서유기 - 월광보합,269
스쿨 오브 락,270
스팅,271
라디오 스타,272
타짜,273
크루엘라,274
어느 가족,275
어메이징 메리,276
스타 이즈 본,277
대부 3,278
내겐 너무 소중한 너,279
과속스캔들,280
시간을 달리는 소녀,281
야쿠자와 가족,282
공공의 적,283
페이트 스테이 나이트 헤븐즈필 제3장 스프링 송,284
혹성탈출,285
네고시에이터,286
"서서평, 천천히 평온하게",287
"불량소녀, 너를 응원해!",288
해피 투게더,289
뻐꾸기 둥지 위로 날아간 새,290
영웅본색,291
파수꾼,292
킹 오브 프리즘,293
어바웃 타임,294
헤드윅,295
모아나,296
뽀로로 극장판 공룡섬 대모험,297
오아시스,298
마틸다,299
트와이스랜드,300
분노의 역류,301
플래툰,302
체인질링,303
칠곡 가시나들,304
인어 공주,305
코치 카터,306
흑집사 : 북 오브 더 아틀란틱,307
어 퓨 굿 맨,308
사랑의 블랙홀,309
그래도 내가 하지 않았어,310
톰보이,311
일 포스티노,312
제리 맥과이어,313
하이 스피드! –프리! 스타팅 데이즈,314
식코,315
바울,316
대부,317
JFK,318
하이큐!! 재능과 센스,319
가디언즈,320
귀향,321
마스크,322
러브 어페어,323
도망자,324
조조 래빗,325
쉘 위 댄스,326
에너미 오브 스테이트,327
비상,328
파 앤드 어웨이,329
극장판 공룡메카드: 타이니소어의 섬,330
아름다운 세상을 위하여,331
범죄도시,332
설리: 허드슨강의 기적,333
블러드 다이아몬드,334
이집트 왕자,335
코렐라인: 비밀의 문,336
길버트 그레이프,337
귀를 기울이면,338
첨밀밀,339
즐거운 인생,340
말모이,341
코다,342
할머니는 일학년,343
혐오스런 마츠코의 일생,344
국가대표,345
취권,346
스텝 업 3D,347
패딩턴 2,348
오직 그대만,349
트윈스터즈,350
스트레인저 - 무황인담,351
아이,352
후크,353
그해 여름,354
짱구는 못말려 극장판: 태풍을 부르는 노래하는 엉덩이 폭탄!,355
클릭,356
러브레터,357
스피드,358
보물성,359
겨울왕국,360
히트,361
오즈의 마법사,362
늑대아이,363
짱구는 못말려 극장판: 정면승부! 로봇아빠의 역습,364
미션 임파서블: 폴아웃,365
아버지의 이름으로,366
와이키키 브라더스,367
뱀파이어와의 인터뷰,368
봄날은 간다,369
철가방 우수氏,370
호로비츠를 위하여,371
우드잡,372
아는 여자,373
빽 투 더 퓨쳐 3,374
써니,375
이터널 선샤인,376
스틸 라이프,377
블랙 호크 다운,378
점박이 한반도의 공룡2 : 새로운 낙원,379
에이리언,380
피터팬,381
나이브스 아웃,382
노킹 온 헤븐스 도어,383
분노의 질주: 더 세븐,384
스탠 바이 미,385
인터스텔라,386
다키스트 아워,387
킹 오브 프리즘 프라이드 더 히어로,388
저수지 게임,389
싸이코,390
하울의 움직이는 성,391
스타워즈 에피소드 3 - 시스의 복수,392
극장판 쿠로코의 농구 라스트 게임,393
빅 히어로,394
아나스타샤,395
노팅 힐,396
하치 이야기,397
무간도,398
드래곤볼 슈퍼: 브로리,399
증인,400
뮬란,401
용서받지 못한 자,402
클리프행어,403
파이란,404
콘 에어,405
라야와 마지막 드래곤,406
웨딩 드레스,407
파도가 지나간 자리,408
미쓰백,409
러브 오브 시베리아,410
용서받지 못한 자,411
7인의 사무라이,412
피의 연대기,413
정무문,414
내일을 향해 쏴라,415
샤인,416
피아니스트 세이모어의 뉴욕 소네트,417
시스터 액트 2,418
티벳에서의 7년,419
추격자,420
버킷리스트: 죽기 전에 꼭 하고 싶은 것들,421
글루미 선데이,422
전투왕,423
패치 아담스,424
첩혈쌍웅,425
호텔 르완다,426
공범자들,427
보디가드,428
마이 걸,429
스타워즈 에피소드 5 - 제국의 역습,430
인사이드 아웃,431
너는 내 운명,432
밀리언 달러 베이비,433
피케이: 별에서 온 얼간이,434
언포기버블,435
아바타,436
책상 서랍 속의 동화,437
에린 브로코비치,438
로건,439
조 블랙의 사랑,440
이프 온리,441
송가인 더 드라마,442
에반게리온: 파,443
업그레이드,444
록키 2,445
캐리비안의 해적 - 블랙 펄의 저주,446
이연걸의 정무문,447
내 깡패 같은 애인,448
쓰리 세컨즈,449
아이덴티티,450
노트북,451
배트맨 2,452
명탐정 코난: 침묵의 15분,453
바그다드 카페 : 디렉터스컷,454
하치 이야기,455
블랙,456
얼라이브,457
7월 4일생,458
댄서,459
구니스,460
리얼 스틸,461
꽃다발 같은 사랑을 했다,462
누들,463
어린 의뢰인,464
서프러제트,465
식스 센스,466
다이 하드 3,467
"조제, 호랑이 그리고 물고기들",468
미스비헤이비어,469
세븐 데이즈,470
당신이 잠든 사이에,471
인디아나 존스 - 최후의 성전,472
아마겟돈,473
도신 - 정전자,474
경찰서를 털어라,475
아홉살 인생,476
GROW: 인피니트의 리얼 청춘 라이프,477
명탐정 코난 : 제로의 집행인,478
브루스 올마이티,479
가디언,480
"제자, 옥한흠",481
월플라워,482
메리 크리스마스,483
하모니,484
스윗 프랑세즈,485
불멸의 연인,486
콜드 마운틴,487
왕의 남자,488
레이,489
올드보이,490
호텔 뭄바이,491
물랑 루즈,492
나는 고양이로소이다,493
내부자들: 디 오리지널,494
엑스맨: 퍼스트 클래스,495
터보,496
"알로, 슈티",497
극장판 짱구는 못말려: 신혼여행 허리케인~ 사라진 아빠!,498
캡틴 필립스,499
비긴 어게인,500
굿바이,501
볼트,502
퍼펙트 월드,503
온워드: 단 하루의 기적,504
타샤 튜더,505
크루즈 패밀리: 뉴 에이지,506
타오르는 여인의 초상,507
영구와 땡칠이,508
세컨핸드 라이온스,509
서칭 포 슈가맨,510
스즈미야 하루히의 소실,511
인생 후르츠,512
택시운전사,513
크로싱,514
젝스키스 에이틴,515
케이 팩스,516
십계,517
로마,518
싱 스트리트,519
브이 포 벤데타,520
인디아나 존스,521
사랑의 선물,522
성원,523
슈퍼스타 감사용,524
인사이드 잡,525
토이 스토리 4,526
다크 나이트 라이즈,527
에너미 앳 더 게이트,528
러시 : 더 라이벌,529
결혼 이야기,530
극장판 도라에몽:신 진구의 버스 오브 재팬,531
고양이 춤,532
청설,533
동감,534
진용,535
더티 댄싱,536
말레나,537
쿵푸 팬더,538
하이큐!! 승자와 패자,539
툴리,540
연평해전,541
빅 피쉬,542
미져리,543
파리넬리,544
론 서바이버,545
원스 어폰 어 타임 인 아메리카,546
국제시장,547
마이 시스터즈 키퍼,548
마다가스카3 : 이번엔 서커스다!,549
루카,550
산이 울다,551
양들의 침묵,552
원피스 극장판 제트,553
어네스트와 셀레스틴,554
블루 라군,555
"그 시절, 우리가 좋아했던 소녀",556
박하사탕,557
더 파더,558
독수리 에디,559
끝까지 간다,560
델마와 루이스,561
홈,562
베테랑,563
명탐정 코난: 칠흑의 추적자,564
빅뱅 메이드,565
"안녕, 나의 소울메이트",566
룸,567
세상을 바꾼 변호인,568
마녀 배달부 키키,569
어거스트 러쉬,570
인턴,571
고스트 메신저 극장판,572
개를 훔치는 완벽한 방법,573
수상한 그녀,574
변호인,575
K-19 위도우메이커,576
메리와 맥스,577
씨 인사이드,578
스타워즈 에피소드 4 - 새로운 희망,579
파이브 피트,580
불꽃 슛 통키,581
아메리칸 뷰티,582
골!,583
휘트니,584
내부자들,585
"조제, 호랑이 그리고 물고기들",586
새미의 어드벤쳐,587
선생 김봉두,588
연애소설,589
소스 코드,590
코알라,591
천녀유혼 3,592
다이노소어 어드벤처 3D,593
스타워즈 에피소드 6 - 제다이의 귀환,594
브레이크다운,595
내 마음의 풍금,596
스플릿,597
원스,598
마법에 걸린 사랑,599
레인 맨,600
더 헌트,601
명탐정 코난: 순흑의 악몽,602
미션 임파서블,603
말하는 건축가,604
벅스 라이프,605
극장판 마법소녀 마도카☆마기카 [전편] 시작의 이야기,606
슈퍼배드,607
씽,608
터미널,609
내 이야기!!,610
레인 오버 미,611
보스 베이비 2,612
울학교 이티,613
번지 점프를 하다,614
곰돌이 푸 다시 만나 행복해,615
고장난 론,616
디스트릭트 9,617
더 리더: 책 읽어주는 남자,618
선물,619
맘마미아!2,620
카우보이 비밥 - 천국의 문,621
암살,622
오버 더 레인보우,623
불가사리,624
종횡사해,625
윤희에게,626
김정일리아,627
진링의 13소녀,628
해피 피트 2,629
시카고,630
카,631
킹콩,632
루키,633
이별의 아침에 약속의 꽃을 장식하자,634
태양의 노래,635
흐르는 강물처럼,636
솔드 아웃,637
어벤져스: 인피니티 워,638
담보,639
배트맨 비긴즈,640
본 슈프리머시,641
스노우 워커,642
거인,643
극장판 사이코패스,644
극장판 포켓몬스터 모두의 이야기,645
5일의 마중,646
"어디갔어, 버나뎃",647
미션,648
미스 리틀 선샤인,649
오만과 편견,650
영웅본색 2,651
인비저블 게스트,652
마음이...,653
분노의 질주: 더 익스트림,654
엣지 오브 투모로우,655
스타트렉 다크니스,656
남매의 여름밤,657
극장판 소드 아트 온라인 -오디널 스케일-,658
죠스,659
원초적 본능,660
무간도 3 - 종극무간,661
그것만이 내 세상,662
나의 특별한 형제,663
라스트 모히칸,664
파인딩 포레스터,665
스파이더맨,666
매디슨 카운티의 다리,667
시,668
우린 액션배우다,669
벤자민 버튼의 시간은 거꾸로 간다,670
피아노의 숲,671
분노의 질주: 언리미티드,672
대니쉬 걸,673
주먹이 운다,674
가부와 메이 이야기,675
스윙걸즈,676
키즈 리턴,677
행복을 찾아서,678
"극장판 포켓몬스터 베스트위시 : 신의 속도 게노세크트, 뮤츠의 각성",679
가디언즈 오브 갤럭시 VOL. 2,680
우리 학교,681
리틀 보이,682
황혼의 사무라이,683
제8요일,684
앨빈과 슈퍼밴드,685
"그날, 바다",686
퍼펙트 게임,687
극장판 나루토 질풍전: 로드 투 닌자,688
A-특공대,689
이보다 더 좋을 순 없다,690
천녀유혼 2,691
초콜릿,692
루이스,693
디어 헌터,694
신세계,695
비투스,696
파니 핑크,697
미쓰 와이프,698
인어 공주,699
리오,700
하녀,701
스포트라이트,702
덤보,703
"나는 내일, 어제의 너와 만난다",704
서치,705
도라에몽: 스탠바이미 2,706
초콜렛 도넛,707
스카페이스,708
하이큐!! 끝과 시작,709
아이언맨,710
게임의 법칙,711
뜨거운 안녕,712
존 큐,713
비밥바룰라,714
호밀밭의 반항아,715
러브 액츄얼리,716
씨민과 나데르의 별거,717
소년은 울지 않는다,718
여행자,719
레이더스,720
노무현입니다,721
무서운 집,722
마담 프루스트의 비밀정원,723
투 브라더스,724
캡틴 아메리카: 윈터 솔져,725
원피스 필름 골드,726
기쿠지로의 여름,727
꼬마 니콜라,728
드래곤 길들이기 2,729
캐리비안의 해적 - 망자의 함,730
람보,731
볼케이노,732
내니 맥피 2 - 유모와 마법소동,733
태양 아래,734
추억의 마니,735
48미터,736
소림축구,737
부러진 화살,738
다이 하드 4.0,739
"다만, 널 사랑하고 있어",740
프리 가이,741
프라미싱 영 우먼,742
에버 애프터,743
배심원들,744
중경삼림,745
록키 발보아,746
1917,747
서편제,748
장수상회,749
그날 본 꽃의 이름을 우리는 아직 모른다,750
페어리테일: 봉황의 무녀,751
바르다가 사랑한 얼굴들,752
좋은 친구들,753
얼라이드,754
앙: 단팥 인생 이야기,755
100일 동안 100가지로 100퍼센트 행복찾기,756
엘리트 스쿼드 2,757
미이라 2,758
극장판 슈타인즈 게이트: 부하영역의 데자뷰,759
극장판 유희왕 더 다크 사이드 오브 디멘션즈,760
해리 포터와 비밀의 방,761
라스트 듀얼: 최후의 결투,762
미드나잇 선,763
더 데이,764
그녀를 믿지 마세요,765
극장판 파워레인저: 닌자포스 VS 트레인포스 닌자 인 원더랜드,766
굿바이 레닌,767
웰컴 투 동막골,768
사랑 후에 남겨진 것들,769
슈렉,770
노다메 칸타빌레 최종악장,771
1급기밀,772
헬로우 고스트,773
쉬즈 더 맨,774
쉬리,775
페르디난드,776
U-571,777
스파이 게임,778
엑스맨: 데이즈 오브 퓨처 패스트,779
...ing,780
앨빈과 슈퍼밴드 2,781
와일드 카드,782
우리는 동물원을 샀다,783
해리가 샐리를 만났을 때,784
트루 라이즈,785
마당을 나온 암탉,786
아무도 모른다,787
이퀼리브리엄,788
프라이멀 피어,789
그렇게 아버지가 된다,790
팀 버튼의 크리스마스 악몽,791
청원,792
아웃포스트,793
명탐정 코난: 은빛 날개의 마술사,794
라이프 오브 파이,795
프렌즈: 몬스터 섬의 비밀,796
복수혈전,797
의형제,798
심연,799
드리머,800
춘희막이,801
슈퍼노바 지구 탈출기,802
천사의 사랑,803
댄싱퀸,804
디태치먼트,805
비포 선라이즈,806
극장판 도라에몽: 진구와 철인군단 날아라 천사들,807
사탄의 인형,808
첫잔처럼,809
맨 온 파이어,810
콜 오브 와일드,811
바닐라 스카이,812
천로역정: 천국을 찾아서,813
아이언맨 3,814
순정,815
델타 보이즈,816
짱구는 못말려 극장판: 폭풍수면! 꿈꾸는 세계 대돌격,817
각설탕,818
트랜스포머,819
트레인스포팅,820
그 여자 작사 그 남자 작곡,821
잔칫날,822
우먼 인 골드,823
예스 맨,824
일일시호일,825
여배우는 오늘도,826
굿모닝 맨하탄,827
스왈로우테일 버터플라이,828
쿼바디스,829
토르: 라그나로크,830
나의 소녀시대,831
내 머리 속의 지우개,832
"어느 날, 사랑이 걸어왔다",833
영화는 영화다,834
무사,835
글러브,836
원피스 극장판: 스트롱 월드,837
극장판 포켓몬스터 너로 정했다!,838
파이터,839
짱구는 못말려 극장판: 초시공! 태풍을 부르는 나의 신부,840
희극지왕,841
지구를 지켜라!,842
트롤: 월드 투어,843
리틀 포레스트,844
"스탠바이, 웬디",845
라스트 미션,846
페이스 메이커,847
시티 오브 갓,848
연인,849
초록물고기,850
토탈 리콜,851
김복동,852
12 몽키즈,853
블랙북,854
처음 만나는 자유,855
미스터트롯: 더 무비,856
달콤한 인생,857
명탐정 코난: 비색의 탄환,858
크레이지 뷰티풀,859
매트릭스 2 - 리로디드,860
믿음의 승부,861
코요테 어글리,862
미션 임파서블 3,863
빅풋 주니어,864
7번방의 선물,865
패트리어트 - 늪 속의 여우,866
트럼보,867
미라클 벨리에,868
8 마일,869
슬럼독 밀리어네어,870
족벌 두 신문 이야기,871
작은 아씨들,872
다크 워터스,873
"틱, 틱... 붐!",874
에이미,875
계춘할망,876
아일랜드,877
바스켓볼 다이어리,878
고양이를 부탁해,879
매드맥스: 분노의 도로,880
스파이더맨 2,881
10분,882
메멘토,883
집으로 가는 길,884
제5원소,885
킹스맨 : 시크릿 에이전트,886
천문: 하늘에 묻는다,887
더티 댄싱 - 하바나 나이트,888
폴라 익스프레스,889
스타더스트,890
락앤롤 보트,891
탑건,892
화양연화,893
라스베가스를 떠나며,894
너의 이름은.,895
스트레이트 아웃 오브 컴턴,896
위플래쉬,897
스파이더맨: 노 웨이 홈,898
아멜리에,899
말죽거리 잔혹사,900
드라큐라,901
분노의 질주: 더 맥시멈,902
라이어 라이어,903
어벤져스,904
쓰리 빌보드,905
두레소리,906
레퀴엠,907
뽀로로 극장판 컴퓨터 왕국 대모험,908
한공주,909
스파이,910
죽여주는 여자,911
극장판 요괴워치: 탄생의 비밀이다냥!,912
완득이,913
미드웨이,914
비열한 거리,915
브리짓 존스의 베이비,916
소공녀,917
배트맨,918
봄 여름 가을 겨울 그리고 봄,919
스테이션 7,920
타마코 러브 스토리,921
파이트 클럽,922
미녀는 괴로워,923
이번 일요일에,924
이미테이션 게임,925
집오리와 들오리의 코인로커,926
찰리와 초콜릿 공장,927
다음 침공은 어디?,928
극장판 도라에몽:진구의 남극 꽁꽁 대모험,929
나우 이즈 굿,930
루돌프와 많이있어,931
"아이, 로봇",932
부에나 비스타 소셜 클럽,933
바람의 소리,934
굿 다이노,935
달라스 바이어스 클럽,936
크게 될 놈,937
범죄의 재구성,938
"심슨 가족, 더 무비",939
라빠르망,940
극장판 루팡 3세 VS 명탐정 코난,941
메가마인드,942
명탐정 코난:진홍의 연가,943
미녀와 야수,944
더 포스트,945
서태지 심포니,946
극장판 요괴워치 섀도사이드: 도깨비왕의 부활,947
썬더와 마법저택,948
출국,949
펄프 픽션,950
내겐 너무 가벼운 그녀,951
아이스 에이지 3: 공룡시대,952
찬실이는 복도 많지,953
"장화, 홍련",954
스텝업4 : 레볼루션,955
극장판 포켓 몬스터 DP - 환영의 패왕 조로아크,956
비포 선셋,957
김씨 표류기,958
마이펫의 이중생활2,959
극장판 원피스 스탬피드,960
데이비드 게일,961
불편한 진실,962
액트 오브 킬링,963
어바웃 어 보이,964
"나의 사랑, 그리스",965
"가장 따뜻한 색, 블루",966
박치기!,967
리즈와 파랑새,968
혹성탈출: 진화의 시작,969
극장판 명탐정 코난:탐정들의 진혼가,970
란도리,971
엘프,972
박사가 사랑한 수식,973
패트리어트 데이,974
인 어 베러 월드,975
김복남 살인사건의 전말,976
딥 임팩트,977
알 포인트,978
에픽 : 숲속의 전설,979
극장판 도라에몽: 진구의 보물섬,980
워크 투 리멤버,981
슈퍼배드 2,982
아홉 스님,983
애자,984
도라에몽:스탠바이미,985
해리 포터와 아즈카반의 죄수,986
러시 아워,987
본 아이덴티티,988
도그빌,989
사이비,990
아메리칸 셰프,991
피터 래빗,992
대니 콜린스,993
브링 잇 온,994
지금 만나러 갑니다,995
크리스마스에 기적을 만날 확률,996
벌새,997
카사블랑카,998
후 아 유,999
몬태나,1000
극장판 헬로카봇:옴파로스 섬의 비밀,1001
넛잡 2,1002
사랑은 비가 갠 뒤처럼,1003
미션 임파서블: 로그네이션,1004
포켓몬 더 무비 XY 후파: 광륜의 초마신,1005
어드리프트:우리가 함께한 바다,1006
고야의 유령,1007
봄,1008
퍼펙트 블루,1009
터닝메카드W: 블랙미러의 부활,1010
미션 임파서블 : 고스트 프로토콜,1011
공수도,1012
오페라의 유령,1013
현기증,1014
네버랜드를 찾아서,1015
러시 아워 2,1016
아기배달부 스토크,1017
월터의 상상은 현실이 된다,1018
더 페이버릿: 여왕의 여자,1019
빨간 구두,1020
프리키 프라이데이,1021
다이 하드 2,1022
바닷마을 다이어리,1023
본 투 비 블루,1024
블레이드 2,1025
보이후드,1026
채비,1027
인피니트 콘서트 세컨드 인베이전 에볼루션 더 무비 3D,1028
아이리시맨,1029
콘스탄틴,1030
보글보글 스폰지 밥,1031
울고 싶은 나는 고양이 가면을 쓴다,1032
슈퍼 프렌즈,1033
시라노; 연애조작단,1034
브레이킹 던 part2,1035
여름날 우리,1036
공각기동대,1037
안녕! 유에프오,1038
블레이드 러너,1039
진짜로 일어날지도 몰라 기적,1040
러덜리스,1041
"메밀꽃, 운수 좋은 날, 그리고 봄봄",1042
위로공단,1043
아더 크리스마스,1044
리플리,1045
아티스트,1046
"세라비, 이것이 인생!",1047
스텝 업,1048
포켓몬 더 무비 XY&Z 「볼케니온 : 기계왕국의 비밀」,1049
블랙 스완,1050
언노운 우먼,1051
잉글리쉬 페이션트,1052
닥터 스트레인지,1053
스트레인저 댄 픽션,1054
미운 오리 새끼,1055
맨체스터 바이 더 씨,1056
유브 갓 메일,1058
신비아파트: 금빛 도깨비와 비밀의 동굴,1059
히노키오,1060
레고 무비2,1061
"당신, 거기 있어줄래요",1062
엽문 2,1063
모리타니안,1064
큐브,1065
남자가 사랑할 때,1066
귀여운 여인,1067
악마는 프라다를 입는다,1068
아모레스 페로스,1069
미술관 옆 동물원,1070
쿵푸 팬더 2,1071
로드 무비,1072
"버스, 정류장",1073
아메리칸 스나이퍼,1074
"부르고뉴, 와인에서 찾은 인생",1075
의천도룡기,1076
엘 시크레토: 비밀의 눈동자,1077
몬스터 대학교,1078
그을린 사랑,1079
워리어,1080
버팔로 66,1081
데이라잇,1082
부당거래,1083
13 구역,1084
치킨 런,1085
우리집,1086
우리들의 행복한 시간,1087
허브,1088
스타 트렉: 더 비기닝,1089
해가 서쪽에서 뜬다면,1090
겨울왕국 2,1091
크리드 2,1092
잠베지아: 신비한 나무섬의 비밀,1093
고,1094
알리타: 배틀 엔젤,1095
로맨틱 홀리데이,1096
더 레슬러,1097
동사서독,1098
레이드 2,1099
트롤,1100
취화선,1101
명탐정 코난: 이차원의 저격수,1102
데드풀 2,1103
마다가스카의 펭귄,1104
웨딩 싱어,1105
접속,1106
쉐프,1107
쿵푸 허슬,1108
데자뷰,1109
업사이드,1110
슈퍼배드 3,1111
무간도 2 - 혼돈의 시대,1112
배드 가이즈,1113
짱구는 못말려 극장판: 나의 이사 이야기 선인장 대습격,1114
보이 A,1115
고지전,1116
페르시아의 왕자: 시간의 모래,1117
천국의 아이들,1118
더 라스트: 나루토 더 무비,1119
파이스토리 : 악당상어 소탕작전,1120
야수와 미녀,1121
워터보이즈,1122
레지던트 이블,1123
워낭소리,1124
극장판 베르세르크: 황금 시대편Ⅲ - 강림,1125
딥 블루 씨,1126
세자매,1127
스노든,1128
마미,1129
화이트 칙스,1130
귀향,1131
보스 베이비,1132
내 생애 가장 아름다운 일주일,1133
맨 인 블랙,1134
페인티드 베일,1135
건축학개론,1136
캡틴 아메리카: 시빌 워,1137
김광석,1138
브리짓 존스의 일기,1139
쿠르스크,1140
붉은 10월,1141
용의자 X의 헌신,1142
붉은 돼지,1143
퓨리,1144
더 박스,1145
리틀 프린세스 소피아: 엘레나와 비밀의 아발로 왕국,1146
몬스터,1147
래더 49,1148
홀리데이,1149
유주얼 서스펙트,1150
버니드롭,1151
영원한 여름,1152
센스 앤 센서빌리티,1153
플로리다 프로젝트,1154
가을의 전설,1155
판타스틱 Mr. 폭스,1156
"무현, 두 도시 이야기",1157
항거:유관순 이야기,1158
조커,1159
세븐,1160
잠수종과 나비,1161
미래를 걷는 소녀,1162
투모로우,1163
하늘이 보내준 딸,1164
소녀X소녀,1165
말리와 나,1166
코알라 키드 : 영웅의 탄생,1167
콜레트,1168
줄리 & 줄리아,1169
서유기 : 모험의 시작,1170
늑대소년,1171
내가 죽기 전에 가장 듣고 싶은 말,1172
어린왕자,1173
워크래프트: 전쟁의 서막,1174
69세,1175
아포칼립토,1176
브로크백 마운틴,1177
안경,1178
"지금, 이대로가 좋아요",1179
프로포즈,1180
리틀 러너,1181
극장판 도라에몽: 진구의 마계 대모험 7인의 마법사,1182
범죄와의 전쟁 : 나쁜놈들 전성시대,1183
명탐정 코난:수평선상의 음모,1184
디 아워스,1185
돈 룩 업,1186
친구,1187
송 포 유,1188
트로이,1189
행복한 사전,1190
스텝 업 2 - 더 스트리트,1191
썸머 워즈,1192
포 미니츠,1193
괴물,1194
꽃피는 봄이 오면,1195
안나,1196
매트릭스 3 - 레볼루션,1197
어바웃 슈미트,1198
펭귄 - 위대한 모험,1199
와니와 준하,1200
로드 오브 워,1201
토탈 이클립스,1202
뽀로로 극장판 슈퍼썰매 대모험,1203
페이스 오브 러브,1204
도쿄 타워,1205
걸어도 걸어도,1206
국화꽃 향기,1207
날아라 허동구,1208
수상한 고객들,1209
더 플랜,1210
그랑블루,1211
국가대표2,1212
키싱 부스 2,1213
패션 오브 크라이스트,1214
사랑은 너무 복잡해,1215
우리들과 경찰아저씨의 700일 전쟁,1216
작전,1217
창,1218
쿵푸팬더3,1219
서극의 칼,1220
앤트맨과 와스프,1221
베스트 오퍼,1222
새미의 어드벤쳐 2,1223
킹덤 오브 헤븐,1224
프란츠,1225
라라랜드,1226
나니아 연대기 - 캐스피언 왕자,1227
레터스 투 줄리엣,1228
주먹왕 랄프 2: 인터넷 속으로,1229
서바이벌 패밀리,1230
극장판 짱구는 못말려 : 습격!! 외계인 덩덩이,1231
노스 컨츄리,1232
죽어야 사는 여자,1233
범죄의 여왕,1234
파닥파닥,1235
퐁네프의 연인들,1236
고양이의 보은,1237
천국의 우편배달부,1238
런던시계탑 밑에서 사랑을 찾을 확률,1239
완벽한 타인,1240
카트,1241
플라이,1242
공주와 개구리,1243
해피 피트,1244
명탐정 코난: 11번째 스트라이커,1245
캐롤,1246
진주만,1247
엑소시스트,1248
"안녕,헤이즐",1249
노바디 ,1250
캐쉬백,1251
배드 지니어스,1252
약장수,1253
태풍이 지나가고,1254
다우트,1255
드림 쏭,1256
도화선,1257
모터싸이클 다이어리,1258
앤트맨,1259
오두막,1260
지구,1261
빠삐용,1262
런치박스,1263
내니 맥피 - 우리 유모는 마법사,1264
철도원,1265
웨이 백,1266
스내치,1267
키스 오브 드래곤,1268
노예 12년,1269
언싱커블,1270
내가 고백을 하면,1271
몬스터 호텔 3,1272
자전거 탄 소년,1273
피아노,1274
결혼은 미친 짓이다,1275
아이스 에이지,1276
"색, 계",1277
캡틴 판타스틱,1278
인정사정 볼 것 없다,1279
러닝 스케어드,1280
몬스터 호텔 2,1281
겟 썸,1282
몬스터 콜,1283
카메라를 멈추면 안 돼!,1284
비커밍 제인,1285
너와 파도를 탈 수 있다면,1286
프레스티지,1287
논스톱,1288
드림걸즈,1289
감바의 대모험,1290
단테스 피크,1291
데스 레이스,1292
내 아내의 모든 것,1293
내일의 기억,1294
아이 필 프리티,1295
실버라이닝 플레이북,1296
가려진 시간,1297
콘스탄트 가드너,1298
13층,1299
가족의 탄생,1300
초한지: 영웅의 부활,1301
드럼라인,1302
반창꼬,1303
올드 미스 다이어리 - 극장판,1304
라스트베가스,1305
마음이 2,1306
우리 생애 최고의 순간,1307
스머프: 비밀의 숲,1308
우리 개 이야기,1309
더 이퀄라이저,1310
마이펫의 이중생활,1311
아이다호,1312
포카혼타스,1313
소중한 날의 꿈,1314
천년여우 여우비,1315
극장판 도라에몽 진구의 아프리카 모험 : 베코와 5인의 탐험대,1316
나이트메어,1317
퀼,1318
패딩턴,1319
발레리나,1320
더 폴: 오디어스와 환상의 문,1321
사이드웨이,1322
세상에서 고양이가 사라진다면,1323
가디언즈 오브 갤럭시,1324
기사 윌리엄,1325
심야식당2,1326
눈의 여왕3: 눈과 불의 마법대결,1327
컨스피러시,1328
분노,1329
코리아,1330
버틀러: 대통령의 집사,1331
신비아파트 극장판 하늘도깨비 대 요르문간드,1332
싸이보그 그녀,1333
장고:분노의 추적자,1334
로렉스,1335
키사라기 미키짱,1336
리틀 디제이,1337
꿈의 제인,1338
아폴로 13,1339
람보 : 라스트 워,1340
4등,1341
빅쇼트,1342
악마는 사라지지 않는다,1343
지. 아이. 제인,1344
바다 탐험대 옥토넛 시즌4: 늪지탐험선K,1345
골드,1346
백설공주 살인사건,1347
오싹한 연애,1348
트레이닝 데이,1349
레드 스패로,1350
슈렉 2,1351
백엔의 사랑,1352
몽타주,1353
개구쟁이 스머프,1354
트래쉬,1355
스파이더위크가의 비밀,1356
극장판 포켓 몬스터 DP - 아르세우스 초극의 시공으로,1357
언페이스풀,1358
엽문3: 최후의 대결,1359
레디 플레이어 원,1360
내일을 위한 시간,1361
중독노래방,1362
와호장룡,1363
윈드 리버,1364
족구왕,1365
강철중: 공공의 적 1-1,1366
혹성탈출: 반격의 서막,1367
덤 앤 더머,1368
사우스포,1369
맨 프럼 어스,1370
더 스파이,1371
레이디 버드,1372
록키 호러 픽쳐 쇼,1373
화씨 9/11,1374
몬테 크리스토 백작,1375
미드나잇 인 파리,1376
그녀,1377
벨벳 골드마인,1378
도리를 찾아서,1379
엘리트 스쿼드,1380
러브 라이브! 더 스쿨 아이돌 무비,1381
데드 맨 워킹,1382
쩨쩨한 로맨스,1383
짱구는 못말려 극장판：엄청 맛있어! B급 음식 서바이벌!,1384
재심,1385
공기살인,1386
웜 바디스,1387
더 킹: 헨리 5세,1388
오빠생각,1389
사랑할 때 버려야 할 아까운 것들,1390
로스트 인 더스트,1391
훌라 걸스,1392
침묵의 목격자,1393
마스터 앤드 커맨더: 위대한 정복자,1394
미 비포 유,1395
극한직업,1396
파퍼씨네 펭귄들,1397
세인트 빈센트,1398
렛 미 인,1399
더 콘서트,1400
블루 재스민,1401
디 아더스,1402
세이프 헤이븐,1403
BB 프로젝트,1404
뉴 폴리스 스토리,1405
아무르,1406
회복,1407
호빗: 다섯 군대 전투,1408
타락천사,1409
레드 드래곤,1410
"우리, 사랑일까요?",1411
보리밭을 흔드는 바람,1412
노매드랜드,1413
"아이, 토냐",1414
스탈린그라드: 최후의 전투,1415
기생충,1416
괴물의 아이,1417
매치스틱 맨,1418
위아 유어 프렌즈,1419
데몰리션,1420
데어 윌 비 블러드,1421
고백,1422
더 문,1423
호빗 : 스마우그의 폐허,1424
남극의 쉐프,1425
영주,1426
모어 댄 블루,1427
달마야 놀자,1428
스틸 앨리스,1429
로그 원: 스타워즈 스토리,1430
아더와 미니모이: 제1탄 비밀 원정대의 출정,1431
디스커넥트,1432
싱글 맨,1433
어톤먼트,1434
아메리칸 갱스터,1435
식객,1436
킥 애스: 영웅의 탄생,1437
목소리의 형태,1438
거꾸로 된 파테마,1439
메종 드 히미코,1440
왓 위민 원트,1441
헤이트풀8,1442
에어로너츠,1443
아워 이디엇 브라더,1444
아이언 마스크,1445
내가 살인범이다,1446
바람의 전설,1447
당신이 사랑하는 동안에,1448
와일드,1449
카3: 새로운 도전,1450
분노의 질주: 더 오리지널,1451
이탈리안 잡,1452
블랙 가스펠,1453
네버다이 버터플라이,1454
행복 목욕탕,1455
울프 콜,1456
"극장판 파워레인저 다이노포스VS고버스터즈 공룡 대결전! ~안녕, 영원한 친구여~",1457
일루셔니스트,1458
졸업,1459
엔드 오브 왓치,1460
"로봇, 소리",1461
로렌스 애니웨이 ,1462
옥자,1463
앵그리 버드 2: 독수리 왕국의 침공,1464
나쁜 교육,1465
블랙 위도우,1466
리틀 프린세스 소피아: 신비한 섬,1467
국경의 남쪽,1468
나비잠,1469
꽃보다 남자,1470
레고 배트맨 무비,1471
폰 부스,1472
럭키,1473
미스 페레그린과 이상한 아이들의 집,1474
컬러풀,1475
정글,1476
더 와이프,1477
플레이스 비욘드 더 파인즈,1478
젠틀맨,1479
언브로큰,1480
플루토에서 아침을,1481
고녀석 맛나겠다2 : 함께라서 행복해,1482
"괜찮아요, 미스터 브래드",1483
아비정전,1484
링,1485
탐정 : 더 비기닝,1486
로봇,1487
밀크,1488
밀정,1489
에놀라 홈즈,1490
인사이더,1491
정글북,1492
명량,1493
7년-그들이 없는 언론,1494
문영,1495
아쿠아마린,1496
위대한 개츠비,1497
레고 무비,1498
매직 아워,1499
허트 로커,1500
보이스,1501
지옥의 묵시록,1502
금발이 너무해,1503
하트브레이커스,1504
머드,1505
극장판 암살교실: 365일의 시간,1506
스파이 브릿지,1507
광대: 소리꾼,1508
위대한 유산,1509
베스트 오브 미,1510
그녀에게,1511
아웃 오브 아프리카,1512
명탐정 코난 : 화염의 해바라기,1513
터미네이터: 다크 페이트,1514
나이트 크롤러,1515
맘마미아!,1516
거북이 달린다,1517
폭풍 속으로,1518
바이스,1519
500일의 썸머,1520
나는 부정한다,1521
양지의 그녀,1522
슈퍼 사이즈 미,1523
다이노 타임,1524
호빗 : 뜻밖의 여정,1525
동경가족,1526
태일이,1527
타임 투 킬,1528
드라이브 마이 카,1529
마션,1530
시카리오: 데이 오브 솔다도,1531
너의 결혼식,1532
레토,1533
어둠 속의 댄서,1534
3:10 투 유마,1535
스윙키즈,1536
품행 제로,1537
허니,1538
라스베가스에서만 생길 수 있는 일,1539
머니볼,1540
월레스와 그로밋 - 거대 토끼의 저주,1541
라 비 앙 로즈,1542
무명인,1543
노다메 칸타빌레 Vol.1,1544
숀더쉽,1545
너를 만난 여름,1546
하나와 앨리스 : 살인사건,1547
노스페이스,1548
블랙머니,1549
성실한 나라의 앨리스,1550
소라닌,1551
리틀 포레스트: 여름과 가을,1552
카페 벨에포크,1553
극장판 파워레인저 트레인포스VS 다이노포스 THE MOVIE,1554
존 말코비치 되기,1555
언터처블,1556
"혜화,동",1557
셔터 아일랜드,1558
플로렌스,1559
킬러의 보디가드,1560
슬픔보다 더 슬픈 이야기,1561
스니치,1562
"고흐, 영원의 문에서",1563
영웅: 천하의 시작,1564
최강전사 미니특공대 : 영웅의 탄생,1565
필로미나의 기적,1566
트리플 9,1567
박스트롤,1568
밤쉘: 세상을 바꾼 폭탄선언,1569
우리 형,1570
일주일간 친구,1571
새벽의 저주,1572
캐리,1573
렌트,1574
탐정: 리턴즈,1575
챔프,1576
앨빈과 슈퍼밴드 3,1577
워터월드,1578
비우티풀,1579
샬롯의 거미줄,1580
부활,1581
위험한 패밀리,1582
"오늘 밤, 로맨스 극장에서",1583
어글리 트루스,1584
바스터즈: 거친 녀석들,1585
천국보다 아름다운,1586
실미도,1587
필라델피아,1588
내겐 너무 아찔한 그녀,1589
우아한 거짓말,1590
미씽: 사라진 여자,1591
천재강아지 미스터 피바디,1592
리틀 포레스트2: 겨울과 봄,1593
케이온,1594
레미제라블,1595
히야,1596
엘라의 계곡,1597
제이슨 본,1598
그랜드 부다페스트 호텔,1599
헷지,1600
거짓말,1601
너의 췌장을 먹고 싶어,1602
더블 타겟,1603
하늘을 걷는 남자,1604
드림업,1605
완벽한 그녀에게 딱 한가지 없는 것,1606
명탐정 코난 : 감벽의 관,1607
"달콤, 살벌한 연인",1608
태양의 제국,1609
마이 리틀 히어로,1610
장화신은 고양이,1611
인 디 에어,1612
러스트 앤 본,1613
액트 오브 밸러: 최정예 특수부대,1614
러브 라이브! 선샤인!! 더 스쿨 아이돌 무비 오버 더 레인보우,1615
오펀: 천사의 비밀,1616
복수는 나의 것,1617
주디,1618
레고 닌자고 무비,1619
워 호스,1620
시애틀의 잠 못 이루는 밤,1621
지렁이,1622
가족,1623
레볼루셔너리 로드,1624
시절인연,1625
우리들의 헤어진 여자친구,1626
스파이더맨: 파 프롬 홈,1627
반칙왕,1628
냉정과 열정 사이,1629
레지던트 이블: 파멸의 날,1630
극장판 요괴워치: 염라대왕과 5개의 이야기다냥!,1631
사쿠란,1632
용의자,1633
나의 결혼 원정기,1634
미성년,1635
개들의 섬,1636
옹박 - 무에타이의 후예,1637
뮨: 달의 요정,1638
리턴,1639
터널,1640
닥터 슬립,1641
써드 퍼슨,1642
킹스맨: 골든 서클,1643
나잇 & 데이,1644
형,1645
드래프트 데이,1646
연애 빠진 로맨스,1647
할렐루야,1648
P.S 아이 러브 유,1649
아쿠아맨,1650
초속5센티미터,1651
데몰리션 맨,1652
스파이더맨: 홈커밍,1653
안도 타다오,1654
티파니에서 아침을,1655
이파네마 소년,1656
팬텀 스레드,1657
해피 엔드,1658
이웃집 남자,1659
유령 신부,1660
덕혜옹주,1661
홈,1662
1919 유관순,1663
카모메 식당,1664
한 번 더 해피엔딩,1665
낮술,1666
아틱,1667
"좋아해, 너를",1668
어카운턴트,1669
신데렐라,1670
우아한 세계,1671
케빈에 대하여,1672
마이 파더,1673
이다,1674
아키라,1675
수퍼 소닉,1676
우리도 사랑일까,1677
파운더,1678
닌자터틀 : 어둠의 히어로,1679
다가오는 것들,1680
프로포즈 데이,1681
셰이프 오브 워터: 사랑의 모양,1682
상하이,1683
굿모닝 에브리원,1684
모가디슈,1685
프리즌 이스케이프,1686
그린치,1687
시카리오: 암살자의 도시,1688
마지막선물...귀휴,1689
암수살인,1690
롱기스트 야드,1691
보이 걸 씽,1692
싱글라이더,1693
토르: 다크 월드,1694
오멘,1695
Mr. 히치 - 당신을 위한 데이트 코치,1696
유레루,1697
현기증,1698
강철비,1699
신은 죽지 않았다 3: 어둠 속의 빛,1700
바다 탐험대 옥토넛 시즌4: 아슬아슬 구조대작전,1701
불청객,1702
페어 러브,1703
우리 집에 왜 왔니,1704
월요일이 사라졌다,1705
50/50,1706
비비안 마이어를 찾아서,1707
런어웨이,1708
살아남은 아이,1709
극장판 도라에몽: 진구의 우주영웅기~스페이스 히어로즈~,1710
스폰지밥3D,1711
나의 첫 번째 슈퍼스타,1712
검은 사제들,1713
들개,1714
슈퍼 빼꼼: 스파이 대작전,1715
이스케이프 플랜,1716
천년여우,1717
원챈스,1718
위 워 솔저스,1719
어벤져스: 에이지 오브 울트론,1720
리스본행 야간열차,1721
매그놀리아,1722
블루 발렌타인,1723
더 콜,1724
마음이 외치고 싶어해,1725
헝거게임: 캣칭 파이어,1726
그래비티,1727
킹스 스피치,1728
몬스터 패밀리,1729
나 없는 내 인생,1730
특별수사: 사형수의 편지,1731
파파로티,1732
헤어스프레이,1733
주유소 습격사건,1734
마야,1735
패터슨,1736
어나더 라운드,1737
엑시트,1738
튼튼이의 모험,1739
노미오와 줄리엣,1740
고스트버스터즈,1741
유스,1742
킬러들의 수다,1743
제보자,1744
나를 찾아줘,1745
리오 2,1746
내 인생의 마지막 변화구,1747
나우 유 씨 미 2,1748
데스 위시,1749
킬 빌 - 1부,1750
덩케르크,1751
"안녕, 형아",1752
에너미 라인스,1753
18 : 우리들의 성장 느와르,1754
겟 아웃,1755
옹박 - 두번째 미션,1756
우리가 꿈꾸는 기적: 인빅터스,1757
쓰리 데이즈,1758
프로스트 VS 닉슨,1759
무인 곽원갑,1760
김종욱 찾기,1761
더 테러 라이브,1762
앨빈과 슈퍼밴드: 악동 어드벤처,1763
사도,1764
로드 투 퍼디션,1765
향수 - 어느 살인자의 이야기,1766
쏘우 2,1767
앵그리버드 더 무비,1768
폭력의 법칙: 나쁜 피 두 번째 이야기,1769
시간 여행자의 아내,1770
모짜르트와 고래,1771
비밀,1772
황색 눈물,1773
캐리비안의 해적: 죽은 자는 말이 없다,1774
더 재킷,1775
7급 공무원,1776
컨테이젼,1777
램페이지,1778
신기전,1779
미라클 프롬 헤븐,1780
씬 시티,1781
라이온 킹,1782
극장판 요괴워치: 하늘을 나는 고래와 더블세계다냥!,1783
메이즈 러너,1784
트루 로맨스,1785
데스 노트 - 라스트 네임,1786
저수지의 개들,1787
데인저러스 메소드,1788
파프리카,1789
해적: 바다로 간 산적,1790
데스티네이션,1791
엔젤 해즈 폴른,1792
"바람의 검, 신선조",1793
스탠리의 도시락,1794
인크레더블 헐크,1795
분노의 질주,1796
원티드,1797
양자물리학,1798
콜드 워,1799
이퀄스,1800
버드맨,1801
노아의 방주: 남겨진 녀석들,1802
공조,1803
나의 특별한 사랑 이야기,1804
미스터 캣,1805
청년경찰,1806
수퍼 소닉2,1807
브라더스,1808
칠드런 오브 맨,1809
장사리 : 잊혀진 영웅들,1810
하늘에서 음식이 내린다면,1811
이별계약,1812
좋아해줘,1813
삼진그룹 영어토익반,1814
엔칸토: 마법의 세계,1815
바다 탐험대 옥토넛 시즌4: 바다 괴물 대소동,1816
거울나라의 앨리스,1817
컨택트,1818
종려나무 숲,1819
메소드,1820
크래쉬,1821
사랑할 때 이야기하는 것들,1822
신은 죽지 않았다 2,1823
시간,1824
슈퍼미니,1825
벤허,1826
프라임 러브,1827
크리스마스 캐롤,1828
문호 스트레이독스 [데드애플],1829
우리의 20세기,1830
피터와 드래곤,1831
판의 미로 - 오필리아와 세 개의 열쇠,1832
레드카펫,1833
판타스틱 소녀 백서,1834
서약,1835
오블리비언,1836
구스범스,1837
불량 공주 모모코,1838
마루 밑 아리에티,1839
무지개 여신,1840
마이펫 오지,1841
나의 PS 파트너,1842
아이 인 더 스카이,1843
내안의 그놈,1844
아메리칸 싸이코,1845
비기너스,1846
미스터 노바디,1847
화벽,1848
아르고,1849
디파이언스,1850
아이스 에이지 4: 대륙 이동설,1851
컬러풀 웨딩즈,1852
"연애, 그 참을 수 없는 가벼움",1853
베티블루 37.2,1854
타임 패러독스,1855
원 데이,1856
폼포코 너구리 대작전,1857
제로 다크 서티,1858
허비 - 첫 시동을 걸다,1859
파더 앤 도터,1860
포화 속으로,1861
벼랑 위의 포뇨,1862
거북이는 의외로 빨리 헤엄친다,1863
이상한 나라의 수학자,1864
클라우드 아틀라스,1865
체인지,1866
월스트리트: 분노의 복수,1867
멋진 하루,1868
일루셔니스트,1869
멋진 악몽,1870
저 산 너머,1871
컨저링 2,1872
무산일기,1873
월드워Z,1874
댄 인 러브,1875
팬도럼,1876
"그래, 가족",1877
봄날의 곰을 좋아하세요?,1878
여고괴담 두번째 이야기,1879
발레 교습소,1880
페넬로피,1881
인투 더 스톰,1882
마녀,1883
69 식스티 나인,1884
말레피센트,1885
빅 아이즈,1886
노인을 위한 나라는 없다,1887
캐리비안의 해적 - 세상의 끝에서,1888
인랑,1889
엑스맨 탄생: 울버린,1890
서양골동양과자점 앤티크,1891
올 이즈 로스트,1892
엑스맨 2 - 엑스투,1893
럭키 넘버 슬레븐,1894
577 프로젝트,1895
해리 포터와 죽음의 성물 - 1부,1896
전우치,1897
사랑을 놓치다,1898
오! 브라더스,1899
팅커 테일러 솔저 스파이,1900
마지막 4중주,1901
1번가의 기적,1902
천일의 스캔들,1903
메기,1904
비포 미드나잇,1905
환절기,1906
판도라,1907
철콘 근크리트,1908
짱구는 못말려 극장판: 태풍을 부르는 나와 우주의 프린세스,1909
경계선,1910
파가니니: 악마의 바이올리니스트,1911
21 그램,1912
킹스글레이브: 파이널 판타지 XV,1913
저지 걸,1914
와일드 테일즈: 참을 수 없는 순간,1915
내게 남은 사랑을,1916
아나콘다,1917
아이스 에이지: 지구 대충돌,1918
데드풀,1919
나의 사적인 여자친구,1920
플란다스의 개,1921
사일런스,1922
해피 데스데이,1923
"화성 아이, 지구 아빠",1924
런,1925
퀸카로 살아남는 법,1926
롱 키스 굿나잇,1927
스워드피쉬,1928
클루리스,1929
브리짓 존스의 일기 - 열정과 애정,1930
디스 민즈 워,1931
스타트렉 비욘드,1932
4월 이야기,1933
슬리피 할로우,1934
나쁜 녀석들 2,1935
프랑켄위니,1936
셰임,1937
고령화 가족,1938
터미네이터: 미래전쟁의 시작,1939
더 테너 리리코 스핀토,1940
인디펜던스 데이,1941
이스턴 프라미스,1942
기억의 밤,1943
바람의 검심 : 교토 대화재편,1944
클로저,1945
링컨 차를 타는 변호사,1946
하트 오브 더 씨,1948
더 임파서블,1949
셜록 홈즈,1950
신비한 동물사전,1951
맨 인 블랙 3,1952
몬스터 호텔,1953
엑스맨: 아포칼립스,1954
잠깐만 회사 좀 관두고 올게,1955
작전명 발키리,1956
라파예트,1957
리미트리스,1958
언어의 정원,1959
마을에 부는 산들바람,1960
호튼,1961
마더,1962
무언의 목격자,1963
워터호스,1964
클라우즈 오브 실스마리아,1965
아델라인 : 멈춰진 시간,1966
코어,1967
맨 프롬 UNCLE,1968
꾸뻬씨의 행복여행,1969
디센던트,1970
바람의 파이터,1971
127 시간,1972
고질라 VS. 콩,1973
메리 포핀스 리턴즈,1974
불량남녀,1975
